authorname,count
Sydney Mike,5749
weekend cooker,1691
Parsley,1481
Karen Elizabeth,1264
Dreamer in Ontario,862
Studentchef,618
DianaEatingRichly,614
Marie Nixon,488
Ginny Sue,456
Queen Dana,417
Chef Jean,375
Cilantro in Canada,366
susie cooks,334
ElizabethKnicely,328
Chris from Kansas,326
Marg CaymanDesigns ,288
Caroline Cooks,273
Garlic Chick,270
Melanie Adrienne,254
Diana Adcock,242
Tys Kitchen,238
Tamaretta,215
cookin mimi,209
Seasoned Cook,187
Hill Family,177
Krista Roes,173
Iceland,169
Elisabetta47,163
Amanda Beth,151
tara portee,141
Claudia Dawn,141
Krista Smith,141
Chris Reynolds,140
Recipe Reader,136
Toni in Colorado,134
Andrew Mollmann,130
Elisa72,129
tomsawyer,126
Elly in Canada,117
Potluck,117
samuel,114
choco chip,114
Miss Fannie,111
andypandy,111
Dixie from Kansas,106
cooking with love,105
ColoradoCooking,103
CaramelPie,101
strawberrybird,99
Alisa Lea,97
Ginger Rose,95
Michelle Figueroa,95
Dessert Rose,94
PickleLover,93
sugarpea,89
cervantesbrandi,88
Lets Cook,88
Indiana Debbie,86
Miss Annie,85
Marie,85
Dulcet Kitchen,84
Denise,82
Carianne,82
Bittersweetened,82
Scotland,80
Christmas Carol,79
Greatfull,76
Olive,76
Kristiina,74
Chef Petunia,68
MerelyMarie,67
CHILI SPICE,67
Miss Tinkerbell,65
Chef Edlear,64
Chef Patience,63
Georgiapea,63
chefmick,61
Lemon Drop,61
Chef Schellies,60
Amandas Pantry,59
Cooking Queen,59
Kerena,58
OliveLover,57
Shelly Morton,57
Miss Diggy,56
Catbird,56
Chef Emstar,55
LeahBurgoon,55
Cajun Kitchen,55
SweetOlive,54
Diane in Burbank,54
quick meal,54
ColiesKitchen,52
hannahamil,51
Ardenia,51
LousyChef,50
KitchenWitchWay,50
elegantly,49
Miriachi,49
Michele,49
Lise in Indiana,49
Parris Original,48
Lets Cook Lisa,47
Esther in Atlanta,47
CindyMarie,47
Chef Crystal Cooks,46
Laurita,45
English_Rose,45
Kars Kitchen,45
Spoonless Kitchen,45
Greg Barrow,45
Laouli,44
Raspberry Cordial,44
Cristina Barry,44
Marcasite Queen,43
Colorado Lauralee,43
Chef Els,43
Graciebonica,43
Candace Michelle,43
Carol in Cabo,42
Piper Lee,42
Amanda,42
AnnaMarieCooking,41
Hot Pepper,41
Shani Banani,40
Gillian Spence,40
Sunny In Florida,40
Siren Chef,40
Sues Kitchen,40
Brianna Storer,40
RecipeNut,38
Girle,38
DancingPanda,37
secretcook,37
Nanita,37
carolinafan,37
Desert Mojo,37
Recipe Maven,37
sandrasothere,36
romagen,36
SweetSabrina,36
Miss Oregon,35
kimsdream,35
jerison,35
Pineapple,35
Frugal chef,34
Cher Oliver,34
chocolatelover1,34
cookinaway,33
Daniela Cirillo,33
Noni Suzanne,32
Bread n Butter,32
krisdecam,32
Northern Cook,32
christinaleans,31
Miss Eve,30
AlaskaStephanie,30
David Hawkins,29
Sandy in California,29
Small Town Cook,29
MariaLuisa,29
Laura Charlonne,29
oreosherriden,28
Larry Spaghetti,28
KrisLady,28
Amy in Kansas,28
Robin Nibor,27
Chef Marley,27
tara_richmond,27
Dessert Dawn,27
christina1998,26
Petunia,26
TheDancingCook,26
Chef Lori,26
emily hauer,26
Peter Near,26
Strawberry_sunshine,26
Mike Pellerin,26
Kristen Porter,26
Lindas Recipes,26
ShaunaHanners,26
Michele Lee,25
GreenFish,25
cookingmother,25
denise,25
Fit Cook,25
Shannon Cooks,25
Saulo,25
gingersnap,25
CheeseLover,25
Deanna Kyre,25
Lauri,24
Christy in Illinois,24
Chrisbee,24
Shanny California,24
ShelliCooks,24
DragonShoes,23
fishguru,23
Milette,23
CelestialShannon,23
Sweetslover,23
 Butterbean,23
Christina Sue,23
Cookin Swimmer,23
michEgan,23
Diamond Dave,22
Carol,22
Kristin,22
Garlic Gnome,22
Cheesehead,22
Florida Cook,22
karen rose,22
Almond,22
Andrew Purcell,21
Elana in New York,21
ChocolateMousse,21
Jami Robin,21
Strawberry Shortcak,21
IrishHeart,21
AmandaWoody,21
Fitness Guru,21
Sugar Fairy,21
catalinacrawler,20
Merry Cook,20
Irishcolleen,20
personalchef,20
sabrina atttique,20
Tiny kitchen,20
Music Heather,20
Jilly in Michigan,20
Georgia Dave,20
Melissa Bell,19
Chefcrystal,19
Cooking Person,19
danielleariana,19
Sarah Smile,19
Cosima,19
cheerindy,19
KristinaEnno,19
Elegance,19
Miss Gwenie,19
Miss Ellis,19
Rubies,19
caroliyer,18
Brian Holley,18
EasyCooking,18
Daniela,18
SaderBee,18
strawberry,18
Lorianne,18
archerbures,18
Ginger Kid,18
RecipeJedi,17
Colorado Mel,17
Darcys Diner,17
Chef Kristan,17
Chef Africa,17
Bangkok Betty,17
Omi Julie,17
shortcakes,17
susan dresser,17
elisechristiane,17
PartTimeVegetarian,17
Gingerbear,17
missmanda,17
Flowerfairy,17
Little Chef,17
MichaelaRosenthal,17
jodimichelle,16
Elisa,16
kristiesnell,16
Chicken Queen,16
Annissa,16
KatrinaLaBonn,16
JanaBird,16
Chef Heather,16
Chef Country Cook,16
Linda Sue,15
Debbie Smith,15
Sweet Tortellini,15
Areeane,15
Shannon Allen,15
dallasdiva,15
vusandra,15
MaxBetta,15
michelle,15
Miss Louise,15
Marisa Cormier,15
sweetchocolate,15
Carolyn in Toronto,15
Sweet Irene,15
Laura Meehan,15
linda,15
Lisa in Oregon,14
Anissa Wolf,14
RecipeLove,14
MissHeather,14
kalamitykris,14
Erik Hanson,14
Canadian In Atlanta,14
CookieKris,14
fruii,14
morlin,14
dianasportal,14
Alan Leonetti,14
California Canner,14
Recipe Baroness,14
Stacie Lora,14
Diana Shrome,14
Evil Eva,14
JenniOros,12
Flourgirl51,12
Koriander,12
Hannah_phi,12
Lisanne73,12
Stephanie Daley,12
Calophi,12
Recipe Book Worm,12
Stephanie R.,12
nancy_parsons5,12
Messy Kitchen Maid,12
Sandy One,12
Love2Eat,12
elaine92foodie,12
sandithepirate,12
RoswellRecipeReader,12
