keywords_5,count
Oven,172914
Brunch,66863
Sweet,52809
Savory,51473
Beginner Cook,39287
Spicy,37920
Potluck,31118
Stove Top,27891
Meat,25381
Spring,21234
Vegan,14304
Kid Friendly,14218
For Large Groups,13294
Mixer,12986
Roast,12254
Small Appliance,11472
Kosher,11465
Low Cholesterol,11448
Fruit,9512
From Scratch,8007
Freezer,7674
Refrigerator,6569
High In...,4979
Christmas,4769
Low Protein,4329
Canning,3818
Egg Free,3429
Stir Fry,2412
Vegetable,1960
Toddler Friendly,1917
Broil-Grill,1521
Microwave,1394
Deep Fried,1390
High Protein,1338
Lactose Free,1321
Very Low Carbs,1181
Nuts,1084
Baking,698
Bread Machine,530
Steam,498
Tropical Fruits,293
Pressure Cooker,239
Dairy Free Foods,235
Cajun,221
Beans,168
Citrus,137
Oysters,108
Rice,97
Reynolds Wrap Contest,92
Peppers,90
Onions,79
Poultry,75
Greens,68
Berries,65
Dehydrator,60
Cheese,40
Coconut,30
Grains,29
College Food,25
High Fiber,22
Peanut Butter,19
Grapes,17
Corn,17
Apple,11
Melons,11
Guatemalan,9
Black Beans,9
Wild Game,7
Potato,5
Pork,5
Medium Grain Rice,4
Strawberry,4
Soy-Tofu,3
Short Grain Rice,3
Pears,3
Lunch-Snacks,3
Raspberries,3
Papaya,2
White Rice,2
Pineapple,2
Oranges,2
Kiwifruit,2
Mussels,2
Artichoke,2
Avocado,1
Long Grain Rice,1
Lobster,1
Lemon,1
Squid,1
Bath-Beauty,1
Cauliflower,1
Lime,1
Brown Rice,1
Lentil,1
